chr,position,lead_SNP,effect_allele,other_allele,EAF,OR,p_value,assigned_gene
1,207692049,rs6656401,A,G,0.197,1.18,5.7e-24,CR1
2,127892810,rs6733839,T,C,0.409,1.22,6.9e-44,BIN1
6,47487762,rs10948363,G,A,0.266,1.1,5.2e-11,CD2AP
7,143110762,rs11771145,A,G,0.338,0.9,1.1e-13,EPHA1
8,27467686,rs9331896,C,T,0.379,0.86,2.8e-25,CLU
11,59923508,rs983392,G,A,0.403,0.9,6.1e-16,MS4A6A
11,85867875,rs10792832,A,G,0.358,0.87,9.3e-26,PICALM
19,1063443,rs4147929,A,G,0.19,1.15,1.1e-15,ABCA7
19,51727962,rs3865444,A,C,0.307,0.94,3e-06,CD33
6,32578530,rs9271192,C,A,0.276,1.11,2.9e-12,HLA-DRB1
8,27195121,rs28834970,C,T,0.366,1.1,7.4e-14,PTK2B
11,121435587,rs11218343,C,T,0.039,0.77,9.7e-15,SORL1
14,92926952,rs10498633,T,G,0.217,0.91,5.5e-09,SLC24A4
14,92926952,rs10498633,T,G,0.217,0.91,5.5e-09,RIN3
18,29088958,rs8093731,T,C,0.017,0.73,0.0001,DSG2
2,234068476,rs35349669,T,C,0.488,1.08,3.2e-08,INPP5D
5,88223420,rs190982,G,A,0.408,0.93,3.2e-08,MEF2C
7,37841534,rs2718058,G,A,0.373,0.93,4.8e-09,NME8
7,100004446,rs1476679,C,T,0.287,0.91,5.6e-10,ZCWPW1
11,47557871,rs10838725,C,T,0.316,1.08,1.1e-08,CELF1
14,53400629,rs17125944,C,T,0.092,1.14,7.9e-09,FERMT2
20,55018260,rs7274581,C,T,0.083,0.88,2.5e-08,CASS4
